-- phpMyAdmin SQL Dump
-- version 5.1.2
-- https://www.phpmyadmin.net/
--
-- Host: localhost:3306
-- Generation Time: Jan 01, 2025 at 06:55 PM
-- Server version: 5.7.24
-- PHP Version: 8.3.1

SET SQL_MODE = "NO_AUTO_VALUE_ON_ZERO";
START TRANSACTION;
SET time_zone = "+00:00";


/*!40101 SET @OLD_CHARACTER_SET_CLIENT=@@CHARACTER_SET_CLIENT */;
/*!40101 SET @OLD_CHARACTER_SET_RESULTS=@@CHARACTER_SET_RESULTS */;
/*!40101 SET @OLD_COLLATION_CONNECTION=@@COLLATION_CONNECTION */;
/*!40101 SET NAMES utf8mb4 */;

--
-- Database: `norapart`
--

-- --------------------------------------------------------

--
-- Table structure for table `addresses`
--

CREATE TABLE `addresses` (
  `id` bigint(20) UNSIGNED NOT NULL,
  `user_id` bigint(20) UNSIGNED NOT NULL,
  `province_id` bigint(20) UNSIGNED NOT NULL,
  `city_id` bigint(20) UNSIGNED NOT NULL,
  `address` varchar(255) NOT NULL,
  `phone` varchar(255) DEFAULT NULL,
  `postal_code` varchar(255) DEFAULT NULL,
  `statuse` enum('published','inactive') NOT NULL DEFAULT 'published',
  `createdAt` datetime NOT NULL,
  `updatedAt` datetime NOT NULL,
  `ref_code` varchar(255) DEFAULT NULL
) ENGINE=InnoDB DEFAULT CHARSET=utf8;

--
-- Dumping data for table `addresses`
--

INSERT INTO `addresses` (`id`, `user_id`, `province_id`, `city_id`, `address`, `phone`, `postal_code`, `statuse`, `createdAt`, `updatedAt`, `ref_code`) VALUES
(2, 5, 12, 185, 'شهرک شاهد 27 جنب بهداشت کامیاب', '09351187720', '9418853184', 'published', '2024-12-30 15:13:09', '2024-12-30 15:13:09', NULL);

-- --------------------------------------------------------

--
-- Table structure for table `categories`
--

CREATE TABLE `categories` (
  `id` bigint(20) UNSIGNED NOT NULL,
  `name` varchar(255) NOT NULL,
  `image_url` varchar(255) NOT NULL,
  `statuse` enum('active','inactive') NOT NULL DEFAULT 'active',
  `createdAt` datetime NOT NULL,
  `updatedAt` datetime NOT NULL
) ENGINE=InnoDB DEFAULT CHARSET=utf8;

--
-- Dumping data for table `categories`
--

INSERT INTO `categories` (`id`, `name`, `image_url`, `statuse`, `createdAt`, `updatedAt`) VALUES
(20, 'روغن موتور', '/categories/روغن_موتور_1735040877505.png', 'active', '2024-12-24 13:45:54', '2024-12-24 15:28:36'),
(22, 'قطعات باتری', '/categories/قطعات_باتری_1735052758819.png', 'active', '2024-12-24 18:35:58', '2024-12-24 18:35:58');

-- --------------------------------------------------------

--
-- Table structure for table `category`
--

CREATE TABLE `category` (
  `id` bigint(20) UNSIGNED NOT NULL,
  `name` varchar(255) NOT NULL,
  `image_url` varchar(255) NOT NULL,
  `statuse` enum('active','inactive') NOT NULL DEFAULT 'active',
  `createdAt` datetime NOT NULL,
  `updatedAt` datetime NOT NULL
) ENGINE=InnoDB DEFAULT CHARSET=utf8;

-- --------------------------------------------------------

--
-- Table structure for table `cities`
--

CREATE TABLE `cities` (
  `id` bigint(20) UNSIGNED NOT NULL,
  `name` varchar(255) NOT NULL,
  `slug` varchar(255) NOT NULL,
  `province_id` bigint(20) UNSIGNED NOT NULL,
  `statuse` enum('published','inactive') NOT NULL DEFAULT 'published',
  `createdAt` datetime NOT NULL,
  `updatedAt` datetime NOT NULL
) ENGINE=InnoDB DEFAULT CHARSET=utf8;

--
-- Dumping data for table `cities`
--

INSERT INTO `cities` (`id`, `name`, `slug`, `province_id`, `statuse`, `createdAt`, `updatedAt`) VALUES
(1, 'آذر شهر', 'azarshahr', 1, 'published', '2024-02-27 07:27:53', '2024-02-27 07:27:53'),
(2, 'اسكو', 'osko', 1, 'published', '2024-02-27 07:27:53', '2024-02-27 07:27:53'),
(3, 'اهر', 'ahar', 1, 'published', '2024-02-27 07:27:53', '2024-02-27 07:27:53'),
(4, 'بستان آباد', 'bestanabad', 1, 'published', '2024-02-27 07:27:53', '2024-02-27 07:27:53'),
(5, 'بناب', 'bonab', 1, 'published', '2024-02-27 07:27:53', '2024-02-27 07:27:53'),
(6, 'بندر شرفخانه', 'sharafkhane', 1, 'published', '2024-02-27 07:27:53', '2024-02-27 07:27:53'),
(7, 'تبريز', 'tabriz', 1, 'published', '2024-02-27 07:27:53', '2024-02-27 07:27:53'),
(8, 'تسوج', 'tasoj', 1, 'published', '2024-02-27 07:27:53', '2024-02-27 07:27:53'),
(9, 'جلفا', 'jolfa', 1, 'published', '2024-02-27 07:27:53', '2024-02-27 07:27:53'),
(10, 'سراب', 'sarab', 1, 'published', '2024-02-27 07:27:53', '2024-02-27 07:27:53'),
(11, 'شبستر', 'shabestar', 1, 'published', '2024-02-27 07:27:53', '2024-02-27 07:27:53'),
(12, 'صوفیان', 'sofian', 1, 'published', '2024-02-27 07:27:53', '2024-02-27 07:27:53'),
(13, 'عجبشير', 'ajabshir', 1, 'published', '2024-02-27 07:27:53', '2024-02-27 07:27:53'),
(14, 'قره آغاج', 'ghareaqj', 1, 'published', '2024-02-27 07:27:53', '2024-02-27 07:27:53'),
(15, 'كليبر', 'kalibar', 1, 'published', '2024-02-27 07:27:53', '2024-02-27 07:27:53'),
(16, 'كندوان', 'kandovan', 1, 'published', '2024-02-27 07:27:53', '2024-02-27 07:27:53'),
(17, 'مراغه', 'maragheh', 1, 'published', '2024-02-27 07:27:53', '2024-02-27 07:27:53'),
(18, 'مرند', 'marand', 1, 'published', '2024-02-27 07:27:53', '2024-02-27 07:27:53'),
(19, 'ملكان', 'malkan', 1, 'published', '2024-02-27 07:27:53', '2024-02-27 07:27:53'),
(20, 'ممقان', 'mamghan', 1, 'published', '2024-02-27 07:27:53', '2024-02-27 07:27:53'),
(21, 'ميانه', 'mianeh', 1, 'published', '2024-02-27 07:27:53', '2024-02-27 07:27:53'),
(22, 'هاديشهر', 'hadishir', 1, 'published', '2024-02-27 07:27:53', '2024-02-27 07:27:53'),
(23, 'هريس', 'heris', 1, 'published', '2024-02-27 07:27:53', '2024-02-27 07:27:53'),
(24, 'هشترود', 'hashtrod', 1, 'published', '2024-02-27 07:27:53', '2024-02-27 07:27:53'),
(25, 'ورزقان', 'varzeghan', 1, 'published', '2024-02-27 07:27:53', '2024-02-27 07:27:53'),
(26, 'اروميه', 'urmia', 2, 'published', '2024-02-27 07:27:53', '2024-02-27 07:27:53'),
(27, 'اشنويه', 'eshnavieh', 2, 'published', '2024-02-27 07:27:53', '2024-02-27 07:27:53'),
(28, 'بازرگان', 'bazargan', 2, 'published', '2024-02-27 07:27:53', '2024-02-27 07:27:53'),
(29, 'بوكان', 'bokan', 2, 'published', '2024-02-27 07:27:53', '2024-02-27 07:27:53'),
(30, 'پلدشت', 'poldasht', 2, 'published', '2024-02-27 07:27:53', '2024-02-27 07:27:53'),
(31, 'پيرانشهر', 'piranshahr', 2, 'published', '2024-02-27 07:27:53', '2024-02-27 07:27:53'),
(32, 'تكاب', 'takab', 2, 'published', '2024-02-27 07:27:53', '2024-02-27 07:27:53'),
(33, 'خوي', 'khoy', 2, 'published', '2024-02-27 07:27:53', '2024-02-27 07:27:53'),
(34, 'سردشت', 'sardasht', 2, 'published', '2024-02-27 07:27:53', '2024-02-27 07:27:53'),
(35, 'سلماس', 'salmas', 2, 'published', '2024-02-27 07:27:53', '2024-02-27 07:27:53'),
(36, 'سيه چشمه- چالدران', 'chaldoran', 2, 'published', '2024-02-27 07:27:53', '2024-02-27 07:27:53'),
(37, 'سیمینه', 'simineh', 2, 'published', '2024-02-27 07:27:53', '2024-02-27 07:27:53'),
(38, 'شاهين دژ', 'shahindezh', 2, 'published', '2024-02-27 07:27:53', '2024-02-27 07:27:53'),
(39, 'شوط', 'shot', 2, 'published', '2024-02-27 07:27:53', '2024-02-27 07:27:53'),
(40, 'ماكو', 'mako', 2, 'published', '2024-02-27 07:27:53', '2024-02-27 07:27:53'),
(41, 'مهاباد', 'mahabad', 2, 'published', '2024-02-27 07:27:53', '2024-02-27 07:27:53'),
(42, 'مياندوآب', 'miandoab', 2, 'published', '2024-02-27 07:27:53', '2024-02-27 07:27:53'),
(43, 'نقده', 'naqadeh', 2, 'published', '2024-02-27 07:27:53', '2024-02-27 07:27:53'),
(44, 'اردبيل', 'ardabil', 3, 'published', '2024-02-27 07:27:53', '2024-02-27 07:27:53'),
(45, 'بيله سوار', 'bilehsavar', 3, 'published', '2024-02-27 07:27:53', '2024-02-27 07:27:53'),
(46, 'پارس آباد', 'parsabad', 3, 'published', '2024-02-27 07:27:53', '2024-02-27 07:27:53'),
(47, 'خلخال', 'khalkhal', 3, 'published', '2024-02-27 07:27:53', '2024-02-27 07:27:53'),
(48, 'سرعين', 'sarein', 3, 'published', '2024-02-27 07:27:53', '2024-02-27 07:27:53'),
(49, 'كيوي (كوثر)', 'kosar', 3, 'published', '2024-02-27 07:27:53', '2024-02-27 07:27:53'),
(50, 'گرمي (مغان)', 'germi', 3, 'published', '2024-02-27 07:27:53', '2024-02-27 07:27:53'),
(51, 'مشکين شهر', 'meshkindasht', 3, 'published', '2024-02-27 07:27:53', '2024-02-27 07:27:53'),
(52, 'مغان (سمنان)', 'moghan', 3, 'published', '2024-02-27 07:27:53', '2024-02-27 07:27:53'),
(53, 'نمين', 'namin', 3, 'published', '2024-02-27 07:27:53', '2024-02-27 07:27:53'),
(54, 'نير', 'nair', 3, 'published', '2024-02-27 07:27:53', '2024-02-27 07:27:53'),
(55, 'آران و بيدگل', 'aran-va-bidgol', 4, 'published', '2024-02-27 07:27:53', '2024-02-27 07:27:53'),
(56, 'ابریشم', 'abrisham-isfahan', 4, 'published', '2024-02-27 07:27:53', '2024-02-27 07:27:53'),
(57, 'اصفهان', 'isfahan', 4, 'published', '2024-02-27 07:27:53', '2024-02-27 07:27:53'),
(58, 'باغ بهادران', 'bagh', 4, 'published', '2024-02-27 07:27:53', '2024-02-27 07:27:53'),
(59, 'تيران', 'tiran', 4, 'published', '2024-02-27 07:27:53', '2024-02-27 07:27:53'),
(60, 'خميني شهر', 'khomeyni-shahr', 4, 'published', '2024-02-27 07:27:53', '2024-02-27 07:27:53'),
(61, 'خوانسار', 'khansar', 4, 'published', '2024-02-27 07:27:53', '2024-02-27 07:27:53'),
(62, 'داران', 'daran', 4, 'published', '2024-02-27 07:27:53', '2024-02-27 07:27:53'),
(63, 'دولت آباد-اصفهان', 'dolat-abad-isfahan', 4, 'published', '2024-02-27 07:27:53', '2024-02-27 07:27:53'),
(64, 'زرين شهر', 'zarrinshahr', 4, 'published', '2024-02-27 07:27:53', '2024-02-27 07:27:53'),
(65, 'زيباشهر (محمديه)', 'zibashahr', 4, 'published', '2024-02-27 07:27:53', '2024-02-27 07:27:53'),
(66, 'سميرم', 'semirom', 4, 'published', '2024-02-27 07:27:53', '2024-02-27 07:27:53'),
(67, 'شاهين شهر', 'shahin-shahr', 4, 'published', '2024-02-27 07:27:53', '2024-02-27 07:27:53'),
(68, 'شهرضا', 'sharza', 4, 'published', '2024-02-27 07:27:53', '2024-02-27 07:27:53'),
(69, 'فريدن', 'fereydon', 4, 'published', '2024-02-27 07:27:53', '2024-02-27 07:27:53'),
(70, 'فريدون شهر', 'freydonshahr', 4, 'published', '2024-02-27 07:27:53', '2024-02-27 07:27:53'),
(71, 'فلاورجان', 'falavarjan', 4, 'published', '2024-02-27 07:27:53', '2024-02-27 07:27:53'),
(72, 'فولاد شهر', 'foolad-shahr', 4, 'published', '2024-02-27 07:27:53', '2024-02-27 07:27:53'),
(73, 'قمصر', 'ghamsar', 4, 'published', '2024-02-27 07:27:53', '2024-02-27 07:27:53'),
(74, 'كاشان', 'kashan', 4, 'published', '2024-02-27 07:27:53', '2024-02-27 07:27:53'),
(75, 'گلپايگان', 'golpayegan', 4, 'published', '2024-02-27 07:27:53', '2024-02-27 07:27:53'),
(76, 'گلدشت اصفهان', 'goldash-isfahan', 4, 'published', '2024-02-27 07:27:53', '2024-02-27 07:27:53'),
(77, 'لنجان', 'lenjan', 4, 'published', '2024-02-27 07:27:53', '2024-02-27 07:27:53'),
(78, 'مباركه اصفهان', 'mobarakeh', 4, 'published', '2024-02-27 07:27:53', '2024-02-27 07:27:53'),
(79, 'مهاباد-اصفهان', 'mahabad-isfahan', 4, 'published', '2024-02-27 07:27:53', '2024-02-27 07:27:53'),
(80, 'نايين', 'naein', 4, 'published', '2024-02-27 07:27:53', '2024-02-27 07:27:53'),
(81, 'نجف آباد', 'najafabad', 4, 'published', '2024-02-27 07:27:53', '2024-02-27 07:27:53'),
(82, 'نطنز', 'natanz', 4, 'published', '2024-02-27 07:27:53', '2024-02-27 07:27:53'),
(83, 'هرند', 'harand', 4, 'published', '2024-02-27 07:27:53', '2024-02-27 07:27:53'),
(84, 'آسارا', 'asara', 5, 'published', '2024-02-27 07:27:53', '2024-02-27 07:27:53'),
(85, 'اشتهارد', 'eshtehard', 5, 'published', '2024-02-27 07:27:53', '2024-02-27 07:27:53'),
(86, 'هشتگرد', 'hashtgerd', 5, 'published', '2024-02-27 07:27:53', '2024-02-27 07:27:53'),
(87, 'طالقان', 'taleqan', 5, 'published', '2024-02-27 07:27:53', '2024-02-27 07:27:53'),
(88, 'كرج', 'karaj', 5, 'published', '2024-02-27 07:27:53', '2024-02-27 07:27:53'),
(89, 'چهارباغ', 'charbagh-alborz', 5, 'published', '2024-02-27 07:27:53', '2024-02-27 07:27:53'),
(90, 'نظرآباد', 'nazarabad', 5, 'published', '2024-02-27 07:27:53', '2024-02-27 07:27:53'),
(91, 'محمدشهر', 'mohammad-shahr', 5, 'published', '2024-02-27 07:27:53', '2024-02-27 07:27:53'),
(92, 'آبدانان', 'abdanan', 6, 'published', '2024-02-27 07:27:53', '2024-02-27 07:27:53'),
(93, 'ايلام', 'ilam', 6, 'published', '2024-02-27 07:27:53', '2024-02-27 07:27:53'),
(94, 'ايوان', 'eyvan', 6, 'published', '2024-02-27 07:27:53', '2024-02-27 07:27:53'),
(95, 'دره شهر', 'darehshahr', 6, 'published', '2024-02-27 07:27:53', '2024-02-27 07:27:53'),
(96, 'دهلران', 'dehloran', 6, 'published', '2024-02-27 07:27:53', '2024-02-27 07:27:53'),
(97, 'سرابله', 'sarableh', 6, 'published', '2024-02-27 07:27:53', '2024-02-27 07:27:53'),
(98, 'شيروان چرداول', 'shirvan-cheravol', 6, 'published', '2024-02-27 07:27:53', '2024-02-27 07:27:53'),
(99, 'مهران', 'mehran', 6, 'published', '2024-02-27 07:27:53', '2024-02-27 07:27:53'),
(100, 'آبپخش', 'abpakhsh', 7, 'published', '2024-02-27 07:27:53', '2024-02-27 07:27:53'),
(101, 'اهرم', 'ahrom', 7, 'published', '2024-02-27 07:27:53', '2024-02-27 07:27:53'),
(102, 'برازجان', 'borazjan', 7, 'published', '2024-02-27 07:27:53', '2024-02-27 07:27:53'),
(103, 'بندر دير', 'dayyer', 7, 'published', '2024-02-27 07:27:53', '2024-02-27 07:27:53'),
(104, 'بندر ديلم', 'bandar-deylam', 7, 'published', '2024-02-27 07:27:53', '2024-02-27 07:27:53'),
(105, 'بندر كنگان', 'bandar-kangan', 7, 'published', '2024-02-27 07:27:53', '2024-02-27 07:27:53'),
(106, 'بندر گناوه', 'bandar-ganaveh', 7, 'published', '2024-02-27 07:27:53', '2024-02-27 07:27:53'),
(107, 'بوشهر', 'bushehr', 7, 'published', '2024-02-27 07:27:53', '2024-02-27 07:27:53'),
(108, 'تنگستان', 'tangestan', 7, 'published', '2024-02-27 07:27:53', '2024-02-27 07:27:53'),
(109, 'جزيره خارك', 'khark', 7, 'published', '2024-02-27 07:27:53', '2024-02-27 07:27:53'),
(110, 'جم (ولايت)', 'jam', 7, 'published', '2024-02-27 07:27:53', '2024-02-27 07:27:53'),
(111, 'خورموج', 'khormoj', 7, 'published', '2024-02-27 07:27:53', '2024-02-27 07:27:53'),
(112, 'دشتستان - شبانکاره', 'dashtestan', 7, 'published', '2024-02-27 07:27:53', '2024-02-27 07:27:53'),
(113, 'دلوار', 'delvar', 7, 'published', '2024-02-27 07:27:53', '2024-02-27 07:27:53'),
(114, 'عسلویه', 'asaloieh', 7, 'published', '2024-02-27 07:27:53', '2024-02-27 07:27:53'),
(115, 'اسلامشهر', 'eslamshahr', 8, 'published', '2024-02-27 07:27:53', '2024-02-27 07:27:53'),
(116, 'بومهن', 'bumehen', 8, 'published', '2024-02-27 07:27:53', '2024-02-27 07:27:53'),
(117, 'پاكدشت', 'pakdasht', 8, 'published', '2024-02-27 07:27:53', '2024-02-27 07:27:53'),
(118, 'تهران', 'tehran', 8, 'published', '2024-02-27 07:27:53', '2024-02-27 07:27:53'),
(119, 'چهاردانگه', 'chahar-dangeh', 8, 'published', '2024-02-27 07:27:53', '2024-02-27 07:27:53'),
(120, 'دماوند', 'damavand', 8, 'published', '2024-02-27 07:27:53', '2024-02-27 07:27:53'),
(121, 'رودهن', 'rudehen', 8, 'published', '2024-02-27 07:27:53', '2024-02-27 07:27:53'),
(122, 'ري', 'shahr-e-rey', 8, 'published', '2024-02-27 07:27:53', '2024-02-27 07:27:53'),
(123, 'پردیس', 'pardis', 8, 'published', '2024-02-27 07:27:53', '2024-02-27 07:27:53'),
(124, 'شهر رباط كريم', 'robat-karim', 8, 'published', '2024-02-27 07:27:53', '2024-02-27 07:27:53'),
(125, 'شهر شهريار', 'shahriar', 8, 'published', '2024-02-27 07:27:53', '2024-02-27 07:27:53'),
(126, 'فشم', 'fasham', 8, 'published', '2024-02-27 07:27:53', '2024-02-27 07:27:53'),
(127, 'فيروزكوه', 'firuzkooh', 8, 'published', '2024-02-27 07:27:53', '2024-02-27 07:27:53'),
(128, 'فردوسیه', 'ferdosiye', 8, 'published', '2024-02-27 07:27:53', '2024-02-27 07:27:53'),
(129, 'كهريزك', 'kahrizak', 8, 'published', '2024-02-27 07:27:53', '2024-02-27 07:27:53'),
(130, 'لواسان بزرگ', 'lavasan', 8, 'published', '2024-02-27 07:27:53', '2024-02-27 07:27:53'),
(131, 'پرند', 'parand', 8, 'published', '2024-02-27 07:27:53', '2024-02-27 07:27:53'),
(132, 'ورامين', 'varamin', 8, 'published', '2024-02-27 07:27:53', '2024-02-27 07:27:53'),
(133, 'اردل', 'ardel', 9, 'published', '2024-02-27 07:27:53', '2024-02-27 07:27:53'),
(134, 'بروجن', 'boroujen', 9, 'published', '2024-02-27 07:27:53', '2024-02-27 07:27:53'),
(135, 'چلگرد (كوهرنگ)', 'koohrang', 9, 'published', '2024-02-27 07:27:53', '2024-02-27 07:27:53'),
(136, 'سامان', 'saman', 9, 'published', '2024-02-27 07:27:53', '2024-02-27 07:27:53'),
(137, 'شهركرد', 'shahrekord', 9, 'published', '2024-02-27 07:27:53', '2024-02-27 07:27:53'),
(138, 'فرخ‌شهر', 'farrokhshahr', 9, 'published', '2024-02-27 07:27:53', '2024-02-27 07:27:53'),
(139, 'لردگان', 'lordegan', 9, 'published', '2024-02-27 07:27:53', '2024-02-27 07:27:53'),
(140, 'بشرویه', 'beshroyeh', 10, 'published', '2024-02-27 07:27:53', '2024-02-27 07:27:53'),
(141, 'بيرجند', 'birjand', 10, 'published', '2024-02-27 07:27:53', '2024-02-27 07:27:53'),
(142, 'خضری', 'khazri', 10, 'published', '2024-02-27 07:27:53', '2024-02-27 07:27:53'),
(143, 'خوسف', 'khosef', 10, 'published', '2024-02-27 07:27:53', '2024-02-27 07:27:53'),
(144, 'سرایان', 'sarayan', 10, 'published', '2024-02-27 07:27:53', '2024-02-27 07:27:53'),
(145, 'سربيشه', 'sarbisheh', 10, 'published', '2024-02-27 07:27:53', '2024-02-27 07:27:53'),
(146, 'طبس', 'tabas', 10, 'published', '2024-02-27 07:27:53', '2024-02-27 07:27:53'),
(147, 'فردوس', 'ferdows', 10, 'published', '2024-02-27 07:27:53', '2024-02-27 07:27:53'),
(148, 'قائن', 'ghayen', 10, 'published', '2024-02-27 07:27:53', '2024-02-27 07:27:53'),
(149, 'نهبندان', 'nehbandan', 10, 'published', '2024-02-27 07:27:53', '2024-02-27 07:27:53'),
(160, 'بجستان', 'bejestan', 11, 'published', '2024-02-27 07:27:53', '2024-02-27 07:27:53'),
(161, 'بردسكن', 'bardaskan', 11, 'published', '2024-02-27 07:27:53', '2024-02-27 07:27:53'),
(162, 'تايباد', 'taybad', 11, 'published', '2024-02-27 07:27:53', '2024-02-27 07:27:53'),
(163, 'تربت جام', 'torbat-jam', 11, 'published', '2024-02-27 07:27:53', '2024-02-27 07:27:53'),
(164, 'تربت حيدريه', 'torbat-heydariyeh', 11, 'published', '2024-02-27 07:27:53', '2024-02-27 07:27:53'),
(165, 'جغتای', 'joghatai', 11, 'published', '2024-02-27 07:27:53', '2024-02-27 07:27:53'),
(166, 'جوین', 'jovein', 11, 'published', '2024-02-27 07:27:53', '2024-02-27 07:27:53'),
(167, 'چناران', 'chenaran', 11, 'published', '2024-02-27 07:27:53', '2024-02-27 07:27:53'),
(168, 'خلیل آباد', 'khalil-abad', 11, 'published', '2024-02-27 07:27:53', '2024-02-27 07:27:53'),
(169, 'خواف', 'khaf', 11, 'published', '2024-02-27 07:27:53', '2024-02-27 07:27:53'),
(170, 'درگز', 'dargaz', 11, 'published', '2024-02-27 07:27:53', '2024-02-27 07:27:53'),
(171, 'رشتخوار', 'rashtkhar', 11, 'published', '2024-02-27 07:27:53', '2024-02-27 07:27:53'),
(172, 'سبزوار', 'sabzevar', 11, 'published', '2024-02-27 07:27:53', '2024-02-27 07:27:53'),
(173, 'سرخس', 'sarakhs', 11, 'published', '2024-02-27 07:27:53', '2024-02-27 07:27:53'),
(174, 'طبس', 'tabas', 11, 'published', '2024-02-27 07:27:53', '2024-02-27 07:27:53'),
(175, 'طرقبه', 'torghabeh', 11, 'published', '2024-02-27 07:27:53', '2024-02-27 07:27:53'),
(176, 'شاندیز', 'shandiz', 11, 'published', '2024-02-27 07:27:53', '2024-02-27 07:27:53'),
(177, 'قوچان', 'quchan', 11, 'published', '2024-02-27 07:27:53', '2024-02-27 07:27:53'),
(178, 'كاشمر', 'kashmar', 11, 'published', '2024-02-27 07:27:53', '2024-02-27 07:27:53'),
(179, 'كلات', 'kalat', 11, 'published', '2024-02-27 07:27:53', '2024-02-27 07:27:53'),
(180, 'گناباد', 'gonabad', 11, 'published', '2024-02-27 07:27:53', '2024-02-27 07:27:53'),
(181, 'مشهد', 'mashhad', 11, 'published', '2024-02-27 07:27:53', '2024-02-27 07:27:53'),
(182, 'نيشابور', 'neyshabur', 11, 'published', '2024-02-27 07:27:53', '2024-02-27 07:27:53'),
(183, 'آشخانه، مانه و سمرقان', 'ashkhaneh', 12, 'published', '2024-02-27 07:27:53', '2024-02-27 07:27:53'),
(184, 'اسفراين', 'esfarāyen', 12, 'published', '2024-02-27 07:27:53', '2024-02-27 07:27:53'),
(185, 'بجنورد', 'bojnurd', 12, 'published', '2024-02-27 07:27:53', '2024-02-27 07:27:53'),
(186, 'جاجرم', 'jajarm', 12, 'published', '2024-02-27 07:27:53', '2024-02-27 07:27:53'),
(187, 'شيروان', 'shirvan', 12, 'published', '2024-02-27 07:27:53', '2024-02-27 07:27:53'),
(188, 'فاروج', 'faroj', 12, 'published', '2024-02-27 07:27:53', '2024-02-27 07:27:53'),
(189, 'آبادان', 'abadan', 13, 'published', '2024-02-27 07:27:53', '2024-02-27 07:27:53'),
(190, 'اميديه', 'omidiyeh', 13, 'published', '2024-02-27 07:27:53', '2024-02-27 07:27:53'),
(191, 'انديمشك', 'andimeshk', 13, 'published', '2024-02-27 07:27:53', '2024-02-27 07:27:53'),
(192, 'اهواز', 'ahvaz', 13, 'published', '2024-02-27 07:27:53', '2024-02-27 07:27:53'),
(193, 'ايذه', 'izeh', 13, 'published', '2024-02-27 07:27:53', '2024-02-27 07:27:53'),
(194, 'حمیدیه', 'hamidiyeh', 13, 'published', '2024-02-27 07:27:53', '2024-02-27 07:27:53'),
(195, 'چمران', 'chamran-town', 13, 'published', '2024-02-27 07:27:53', '2024-02-27 07:27:53'),
(196, 'بندر ماهشهر', 'bandar-mahshahr', 13, 'published', '2024-02-27 07:27:53', '2024-02-27 07:27:53'),
(197, 'بندرامام خميني', 'bandar-imam-khomeini', 13, 'published', '2024-02-27 07:27:53', '2024-02-27 07:27:53'),
(198, 'بهبهان', 'behbahan', 13, 'published', '2024-02-27 07:27:53', '2024-02-27 07:27:53'),
(199, 'خرمشهر', 'khorramshahr', 13, 'published', '2024-02-27 07:27:53', '2024-02-27 07:27:53'),
(200, 'دزفول', 'dezful', 13, 'published', '2024-02-27 07:27:53', '2024-02-27 07:27:53'),
(201, 'رامشیر', 'ramshir', 13, 'published', '2024-02-27 07:27:53', '2024-02-27 07:27:53'),
(202, 'رامهرمز', 'ramhormoz', 13, 'published', '2024-02-27 07:27:53', '2024-02-27 07:27:53'),
(203, 'سوسنگرد', 'susangerd', 13, 'published', '2024-02-27 07:27:53', '2024-02-27 07:27:53'),
(204, 'شادگان', 'shadeghan', 13, 'published', '2024-02-27 07:27:53', '2024-02-27 07:27:53'),
(205, 'شوش', 'shush', 13, 'published', '2024-02-27 07:27:53', '2024-02-27 07:27:53'),
(206, 'شوشتر', 'shooshtar', 13, 'published', '2024-02-27 07:27:53', '2024-02-27 07:27:53'),
(207, 'لالي', 'lali', 13, 'published', '2024-02-27 07:27:53', '2024-02-27 07:27:53'),
(208, 'مسجد سليمان', 'masjed-soleyman', 13, 'published', '2024-02-27 07:27:53', '2024-02-27 07:27:53'),
(209, 'هنديجان', 'hendijan', 13, 'published', '2024-02-27 07:27:53', '2024-02-27 07:27:53'),
(210, 'هويزه', 'hoveizieh', 13, 'published', '2024-02-27 07:27:53', '2024-02-27 07:27:53'),
(211, 'آب بر (طارم)', 'abbar', 14, 'published', '2024-02-27 07:27:53', '2024-02-27 07:27:53'),
(212, 'ابهر', 'abhar', 14, 'published', '2024-02-27 07:27:53', '2024-02-27 07:27:53'),
(213, 'خرمدره', 'khorramdarreh', 14, 'published', '2024-02-27 07:27:53', '2024-02-27 07:27:53'),
(214, 'زرین آباد (ایجرود)', 'iejrod', 14, 'published', '2024-02-27 07:27:53', '2024-02-27 07:27:53'),
(215, 'زنجان', 'zanjan', 14, 'published', '2024-02-27 07:27:53', '2024-02-27 07:27:53'),
(216, 'قیدار (خدا بنده)', 'qeydar', 14, 'published', '2024-02-27 07:27:53', '2024-02-27 07:27:53'),
(217, 'ماهنشان', 'mahnshan', 14, 'published', '2024-02-27 07:27:53', '2024-02-27 07:27:53'),
(218, 'ايوانكي', 'ievanaki', 15, 'published', '2024-02-27 07:27:53', '2024-02-27 07:27:53'),
(219, 'بسطام', 'bastam', 15, 'published', '2024-02-27 07:27:53', '2024-02-27 07:27:53'),
(220, 'دامغان', 'damghan', 15, 'published', '2024-02-27 07:27:53', '2024-02-27 07:27:53'),
(221, 'سرخه', 'sarkheh', 15, 'published', '2024-02-27 07:27:53', '2024-02-27 07:27:53'),
(222, 'سمنان', 'semnan', 15, 'published', '2024-02-27 07:27:53', '2024-02-27 07:27:53'),
(223, 'شاهرود', 'shahroud', 15, 'published', '2024-02-27 07:27:53', '2024-02-27 07:27:53'),
(224, 'شهمیرزاد', 'shahmirzad', 15, 'published', '2024-02-27 07:27:53', '2024-02-27 07:27:53'),
(225, 'گرمسار', 'garmsar', 15, 'published', '2024-02-27 07:27:53', '2024-02-27 07:27:53'),
(226, 'مهدیشهر', 'mahdishahr', 15, 'published', '2024-02-27 07:27:53', '2024-02-27 07:27:53'),
(227, 'ايرانشهر', 'iranshahr', 16, 'published', '2024-02-27 07:27:53', '2024-02-27 07:27:53'),
(228, 'چابهار', 'chabahar', 16, 'published', '2024-02-27 07:27:53', '2024-02-27 07:27:53'),
(229, 'خاش', 'khash', 16, 'published', '2024-02-27 07:27:53', '2024-02-27 07:27:53'),
(230, 'زهک', 'zahak', 16, 'published', '2024-02-27 07:27:53', '2024-02-27 07:27:53'),
(231, 'زابل', 'zabol', 16, 'published', '2024-02-27 07:27:53', '2024-02-27 07:27:53'),
(232, 'زاهدان', 'zahedan', 16, 'published', '2024-02-27 07:27:53', '2024-02-27 07:27:53'),
(233, 'سراوان', 'saravan', 16, 'published', '2024-02-27 07:27:53', '2024-02-27 07:27:53'),
(234, 'کنارک', 'konarak', 16, 'published', '2024-02-27 07:27:53', '2024-02-27 07:27:53'),
(235, 'ميرجاوه', 'mirjaveh', 16, 'published', '2024-02-27 07:27:53', '2024-02-27 07:27:53'),
(236, 'نيكشهر', 'neyshekar', 16, 'published', '2024-02-27 07:27:53', '2024-02-27 07:27:53'),
(237, 'آباده', 'abadeh', 17, 'published', '2024-02-27 07:27:53', '2024-02-27 07:27:53'),
(238, 'اقلید', 'eqlid', 17, 'published', '2024-02-27 07:27:53', '2024-02-27 07:27:53'),
(239, 'اردكان', 'ardakan', 17, 'published', '2024-02-27 07:27:53', '2024-02-27 07:27:53'),
(240, 'ارسنجان', 'arsanjan', 17, 'published', '2024-02-27 07:27:53', '2024-02-27 07:27:53'),
(241, 'استهبان', 'estahban', 17, 'published', '2024-02-27 07:27:53', '2024-02-27 07:27:53'),
(242, 'اشكنان', 'ashknan', 17, 'published', '2024-02-27 07:27:53', '2024-02-27 07:27:53'),
(243, 'اقليد', 'oghlid', 17, 'published', '2024-02-27 07:27:53', '2024-02-27 07:27:53'),
(244, 'اوز', 'ooz', 17, 'published', '2024-02-27 07:27:53', '2024-02-27 07:27:53'),
(245, 'ایج', 'eij', 17, 'published', '2024-02-27 07:27:53', '2024-02-27 07:27:53'),
(246, 'ایزد خواست', 'iezad', 17, 'published', '2024-02-27 07:27:53', '2024-02-27 07:27:53'),
(247, 'باب انار', 'babanar', 17, 'published', '2024-02-27 07:27:53', '2024-02-27 07:27:53'),
(248, 'بالاده', 'baladeh', 17, 'published', '2024-02-27 07:27:53', '2024-02-27 07:27:53'),
(249, 'بنارويه', 'benroyeh', 17, 'published', '2024-02-27 07:27:53', '2024-02-27 07:27:53'),
(250, 'بهمن', 'bahman', 17, 'published', '2024-02-27 07:27:53', '2024-02-27 07:27:53'),
(251, 'بوانات', 'boanat', 17, 'published', '2024-02-27 07:27:53', '2024-02-27 07:27:53'),
(252, 'بيرم', 'biram', 17, 'published', '2024-02-27 07:27:53', '2024-02-27 07:27:53'),
(253, 'بیضا', 'biza', 17, 'published', '2024-02-27 07:27:53', '2024-02-27 07:27:53'),
(254, 'جنت شهر', 'janat', 17, 'published', '2024-02-27 07:27:53', '2024-02-27 07:27:53'),
(255, 'جهرم', 'jahrom', 17, 'published', '2024-02-27 07:27:53', '2024-02-27 07:27:53'),
(256, 'حاجي آباد-زرین دشت', 'zarrindasht', 17, 'published', '2024-02-27 07:27:53', '2024-02-27 07:27:53'),
(257, 'خاوران', 'khavaran', 17, 'published', '2024-02-27 07:27:53', '2024-02-27 07:27:53'),
(258, 'خرامه', 'kharameh', 17, 'published', '2024-02-27 07:27:53', '2024-02-27 07:27:53'),
(259, 'خشت', 'khesht', 17, 'published', '2024-02-27 07:27:53', '2024-02-27 07:27:53'),
(260, 'خفر', 'khafer', 17, 'published', '2024-02-27 07:27:53', '2024-02-27 07:27:53'),
(261, 'خنج', 'khanj', 17, 'published', '2024-02-27 07:27:53', '2024-02-27 07:27:53'),
(262, 'خور', 'khoour', 17, 'published', '2024-02-27 07:27:53', '2024-02-27 07:27:53'),
(263, 'داراب', 'darab', 17, 'published', '2024-02-27 07:27:53', '2024-02-27 07:27:53'),
(264, 'رونيز عليا', 'roniz', 17, 'published', '2024-02-27 07:27:53', '2024-02-27 07:27:53'),
(265, 'زاهدشهر', 'zahedshahr', 17, 'published', '2024-02-27 07:27:53', '2024-02-27 07:27:53'),
(266, 'زرقان', 'zarghan', 17, 'published', '2024-02-27 07:27:53', '2024-02-27 07:27:53'),
(267, 'سده', 'sadeh', 17, 'published', '2024-02-27 07:27:53', '2024-02-27 07:27:53'),
(268, 'سروستان', 'sarvestan', 17, 'published', '2024-02-27 07:27:53', '2024-02-27 07:27:53'),
(269, 'سعادت شهر', 'saadatshahr', 17, 'published', '2024-02-27 07:27:53', '2024-02-27 07:27:53'),
(270, 'سورمق', 'sormegh', 17, 'published', '2024-02-27 07:27:53', '2024-02-27 07:27:53'),
(271, 'ششده', 'sheshdeh', 17, 'published', '2024-02-27 07:27:53', '2024-02-27 07:27:53'),
(272, 'شيراز', 'shiraz', 17, 'published', '2024-02-27 07:27:53', '2024-02-27 07:27:53'),
(273, 'صغاد', 'saghad', 17, 'published', '2024-02-27 07:27:53', '2024-02-27 07:27:53'),
(274, 'صدرا-فارس', 'sadra', 17, 'published', '2024-02-27 07:27:53', '2024-02-27 07:27:53'),
(275, 'علاء مرودشت', 'marvdasht', 17, 'published', '2024-02-27 07:27:53', '2024-02-27 07:27:53'),
(276, 'عنبر', 'anbar', 17, 'published', '2024-02-27 07:27:53', '2024-02-27 07:27:53'),
(277, 'فراشبند', 'farashband', 17, 'published', '2024-02-27 07:27:53', '2024-02-27 07:27:53'),
(278, 'فسا', 'fasa', 17, 'published', '2024-02-27 07:27:53', '2024-02-27 07:27:53'),
(279, 'فيروز آباد', 'firuzabad', 17, 'published', '2024-02-27 07:27:53', '2024-02-27 07:27:53'),
(280, 'قائميه', 'ghaemieh', 17, 'published', '2024-02-27 07:27:53', '2024-02-27 07:27:53'),
(281, 'قادر آباد', 'ghaderababd', 17, 'published', '2024-02-27 07:27:53', '2024-02-27 07:27:53'),
(282, 'قطب آباد', 'ghotbabad', 17, 'published', '2024-02-27 07:27:53', '2024-02-27 07:27:53'),
(283, 'قير', 'gheyr', 17, 'published', '2024-02-27 07:27:53', '2024-02-27 07:27:53'),
(284, 'كازرون', 'kazeroon', 17, 'published', '2024-02-27 07:27:53', '2024-02-27 07:27:53'),
(285, 'كنار تخته', 'kenartakhteh', 17, 'published', '2024-02-27 07:27:53', '2024-02-27 07:27:53'),
(286, 'گراش', 'gerash', 17, 'published', '2024-02-27 07:27:53', '2024-02-27 07:27:53'),
(287, 'لار', 'lar', 17, 'published', '2024-02-27 07:27:53', '2024-02-27 07:27:53'),
(288, 'لامرد', 'lamerd', 17, 'published', '2024-02-27 07:27:53', '2024-02-27 07:27:53'),
(289, 'لپوئی', 'lepoei', 17, 'published', '2024-02-27 07:27:53', '2024-02-27 07:27:53'),
(290, 'لطيفي', 'latifi', 17, 'published', '2024-02-27 07:27:53', '2024-02-27 07:27:53'),
(291, 'مبارك آباد ديز', 'mobarak-ababd', 17, 'published', '2024-02-27 07:27:53', '2024-02-27 07:27:53'),
(292, 'مرودشت', 'marvdasht', 17, 'published', '2024-02-27 07:27:53', '2024-02-27 07:27:53'),
(293, 'مشكان', 'meshkan', 17, 'published', '2024-02-27 07:27:53', '2024-02-27 07:27:53'),
(294, 'مهر', 'mohr', 17, 'published', '2024-02-27 07:27:53', '2024-02-27 07:27:53'),
(295, 'مهر فارس(گله دار)', 'mehrfars', 17, 'published', '2024-02-27 07:27:53', '2024-02-27 07:27:53'),
(296, 'ميمند', 'meymand', 17, 'published', '2024-02-27 07:27:53', '2024-02-27 07:27:53'),
(297, 'نوبندگان', 'nobandegan', 17, 'published', '2024-02-27 07:27:53', '2024-02-27 07:27:53'),
(298, 'نودان', 'nodan', 17, 'published', '2024-02-27 07:27:53', '2024-02-27 07:27:53'),
(299, 'نورآباد', 'norabad', 17, 'published', '2024-02-27 07:27:53', '2024-02-27 07:27:53'),
(300, 'ني ريز', 'neyriz', 17, 'published', '2024-02-27 07:27:53', '2024-02-27 07:27:53'),
(301, 'کوار', 'kavar', 17, 'published', '2024-02-27 07:27:53', '2024-02-27 07:27:53'),
(302, 'آبيك', 'abyek', 18, 'published', '2024-02-27 07:27:53', '2024-02-27 07:27:53'),
(303, 'اقبالیه', 'eqbaliyeh', 18, 'published', '2024-02-27 07:27:53', '2024-02-27 07:27:53'),
(304, 'شال', 'shal', 18, 'published', '2024-02-27 07:27:53', '2024-02-27 07:27:53'),
(305, 'تاكستان', 'takestan', 18, 'published', '2024-02-27 07:27:53', '2024-02-27 07:27:53'),
(306, 'قزوين', 'qazvin', 18, 'published', '2024-02-27 07:27:53', '2024-02-27 07:27:53'),
(307, 'محمدیه-قزوین', 'mohammadiyeh', 18, 'published', '2024-02-27 07:27:53', '2024-02-27 07:27:53'),
(308, 'قم', 'qom', 19, 'published', '2024-02-27 07:27:53', '2024-02-27 07:27:53'),
(309, 'بانه', 'baneh', 20, 'published', '2024-02-27 07:27:53', '2024-02-27 07:27:53'),
(310, 'بيجار', 'bijar', 20, 'published', '2024-02-27 07:27:53', '2024-02-27 07:27:53'),
(311, 'دهگلان', 'dehgolan', 20, 'published', '2024-02-27 07:27:53', '2024-02-27 07:27:53'),
(312, 'ديواندره', 'divandareh', 20, 'published', '2024-02-27 07:27:53', '2024-02-27 07:27:53'),
(313, 'سقز', 'saqqez', 20, 'published', '2024-02-27 07:27:53', '2024-02-27 07:27:53'),
(314, 'سنندج', 'sanandaj', 20, 'published', '2024-02-27 07:27:53', '2024-02-27 07:27:53'),
(315, 'قروه', 'qorveh', 20, 'published', '2024-02-27 07:27:53', '2024-02-27 07:27:53'),
(316, 'كامياران', 'kamyaran', 20, 'published', '2024-02-27 07:27:53', '2024-02-27 07:27:53'),
(317, 'مريوان', 'marivan', 20, 'published', '2024-02-27 07:27:53', '2024-02-27 07:27:53'),
(318, 'بلوک', 'boluk', 21, 'published', '2024-02-27 07:27:53', '2024-02-27 07:27:53'),
(319, 'بافت', 'baft', 21, 'published', '2024-02-27 07:27:53', '2024-02-27 07:27:53'),
(320, 'بردسير', 'bardsir', 21, 'published', '2024-02-27 07:27:53', '2024-02-27 07:27:53'),
(321, 'بم', 'bam', 21, 'published', '2024-02-27 07:27:53', '2024-02-27 07:27:53'),
(322, 'جيرفت', 'jiroft', 21, 'published', '2024-02-27 07:27:53', '2024-02-27 07:27:53'),
(323, 'ماهان', 'mahan', 21, 'published', '2024-02-27 07:27:53', '2024-02-27 07:27:53'),
(324, 'رفسنجان', 'rafsanjan', 21, 'published', '2024-02-27 07:27:53', '2024-02-27 07:27:53'),
(325, 'زرند', 'zarand', 21, 'published', '2024-02-27 07:27:53', '2024-02-27 07:27:53'),
(326, 'سيرجان', 'sirjan', 21, 'published', '2024-02-27 07:27:53', '2024-02-27 07:27:53'),
(327, 'كرمان', 'kerman', 21, 'published', '2024-02-27 07:27:53', '2024-02-27 07:27:53'),
(328, 'كهنوج', 'kahnooj', 21, 'published', '2024-02-27 07:27:53', '2024-02-27 07:27:53'),
(329, 'منوجان', 'manojan', 21, 'published', '2024-02-27 07:27:53', '2024-02-27 07:27:53'),
(330, 'اسلام آباد غرب', 'eslamabad-gharb', 22, 'published', '2024-02-27 07:27:53', '2024-02-27 07:27:53'),
(331, 'پاوه', 'paveh', 22, 'published', '2024-02-27 07:27:53', '2024-02-27 07:27:53'),
(332, 'بیستون', 'bisotun', 22, 'published', '2024-02-27 07:27:53', '2024-02-27 07:27:53'),
(333, 'جوانرود', 'javanrud', 22, 'published', '2024-02-27 07:27:53', '2024-02-27 07:27:53'),
(334, 'سر پل ذهاب', 'sarpol-zahab', 22, 'published', '2024-02-27 07:27:53', '2024-02-27 07:27:53'),
(335, 'سنقر كليائي', 'sonqor', 22, 'published', '2024-02-27 07:27:53', '2024-02-27 07:27:53'),
(336, 'صحنه', 'sahneh', 22, 'published', '2024-02-27 07:27:53', '2024-02-27 07:27:53'),
(337, 'قصر شيرين', 'ghasre-shirin', 22, 'published', '2024-02-27 07:27:53', '2024-02-27 07:27:53'),
(338, 'كرمانشاه', 'kermanshah', 22, 'published', '2024-02-27 07:27:53', '2024-02-27 07:27:53'),
(339, 'كنگاور', 'kangavar', 22, 'published', '2024-02-27 07:27:53', '2024-02-27 07:27:53'),
(340, 'گيلان غرب', 'gilane-gharb', 22, 'published', '2024-02-27 07:27:53', '2024-02-27 07:27:53'),
(341, 'هرسين', 'harsin', 22, 'published', '2024-02-27 07:27:53', '2024-02-27 07:27:53'),
(342, 'دهدشت', 'dehdasht', 23, 'published', '2024-02-27 07:27:53', '2024-02-27 07:27:53'),
(343, 'دوگنبدان', 'dogonbadan', 23, 'published', '2024-02-27 07:27:53', '2024-02-27 07:27:53'),
(344, 'سي سخت- دنا', 'sisakht', 23, 'published', '2024-02-27 07:27:53', '2024-02-27 07:27:53'),
(345, 'گچساران', 'gachsaran', 23, 'published', '2024-02-27 07:27:53', '2024-02-27 07:27:53'),
(346, 'ياسوج', 'yasuj', 23, 'published', '2024-02-27 07:27:53', '2024-02-27 07:27:53'),
(347, 'آزاد شهر', 'azadshahr-golestan', 24, 'published', '2024-02-27 07:27:53', '2024-02-27 07:27:53'),
(348, 'آق قلا', 'aq-qala', 24, 'published', '2024-02-27 07:27:53', '2024-02-27 07:27:53'),
(349, 'انبارآلوم', 'anbare-alom', 24, 'published', '2024-02-27 07:27:53', '2024-02-27 07:27:53'),
(350, 'اینچه برون', 'eincheboron', 24, 'published', '2024-02-27 07:27:53', '2024-02-27 07:27:53'),
(351, 'بندر گز', 'bandare-gaz', 24, 'published', '2024-02-27 07:27:53', '2024-02-27 07:27:53'),
(352, 'تركمن', 'bandar-torkaman', 24, 'published', '2024-02-27 07:27:53', '2024-02-27 07:27:53'),
(353, 'جلین', 'jelin', 24, 'published', '2024-02-27 07:27:53', '2024-02-27 07:27:53'),
(354, 'خان ببین', 'khan-bebin', 24, 'published', '2024-02-27 07:27:53', '2024-02-27 07:27:53'),
(355, 'راميان', 'ramian', 24, 'published', '2024-02-27 07:27:53', '2024-02-27 07:27:53'),
(356, 'سرخس کلاته', 'sarakhs-kalateh', 24, 'published', '2024-02-27 07:27:53', '2024-02-27 07:27:53'),
(357, 'سیمین شهر', 'siminshahr', 24, 'published', '2024-02-27 07:27:53', '2024-02-27 07:27:53'),
(358, 'علي آباد كتول', 'aliabad-katul', 24, 'published', '2024-02-27 07:27:53', '2024-02-27 07:27:53'),
(359, 'فاضل آباد', 'fazel-ababd', 24, 'published', '2024-02-27 07:27:53', '2024-02-27 07:27:53'),
(360, 'كردكوي', 'kordkuy', 24, 'published', '2024-02-27 07:27:53', '2024-02-27 07:27:53'),
(361, 'كلاله', 'kalale', 24, 'published', '2024-02-27 07:27:53', '2024-02-27 07:27:53'),
(362, 'گالیکش', 'galikesh', 24, 'published', '2024-02-27 07:27:53', '2024-02-27 07:27:53'),
(363, 'گرگان', 'gorgan', 24, 'published', '2024-02-27 07:27:53', '2024-02-27 07:27:53'),
(364, 'گمیش تپه', 'gomishan', 24, 'published', '2024-02-27 07:27:53', '2024-02-27 07:27:53'),
(365, 'گنبد كاووس', 'gonbad-kavus', 24, 'published', '2024-02-27 07:27:53', '2024-02-27 07:27:53'),
(366, 'مراوه تپه', 'maraveh-tapeh', 24, 'published', '2024-02-27 07:27:53', '2024-02-27 07:27:53'),
(367, 'مينو دشت', 'minoodasht', 24, 'published', '2024-02-27 07:27:53', '2024-02-27 07:27:53'),
(368, 'نگین شهر', 'neginshahr', 24, 'published', '2024-02-27 07:27:53', '2024-02-27 07:27:53'),
(369, 'نوده خاندوز', 'nodeh', 24, 'published', '2024-02-27 07:27:53', '2024-02-27 07:27:53'),
(370, 'نوکنده', 'nokadeh', 24, 'published', '2024-02-27 07:27:53', '2024-02-27 07:27:53'),
(392, 'آستارا', 'astara', 25, 'published', '2024-02-27 07:27:53', '2024-02-27 07:27:53'),
(393, 'آستانه اشرفيه', 'astaneh-ashrafiyeh', 25, 'published', '2024-02-27 07:27:53', '2024-02-27 07:27:53'),
(394, 'املش', 'amlash', 25, 'published', '2024-02-27 07:27:53', '2024-02-27 07:27:53'),
(395, 'بندرانزلي', 'bandar-anzali', 25, 'published', '2024-02-27 07:27:53', '2024-02-27 07:27:53'),
(396, 'تالش', 'talesh', 25, 'published', '2024-02-27 07:27:53', '2024-02-27 07:27:53'),
(397, 'رشت', 'rasht', 25, 'published', '2024-02-27 07:27:53', '2024-02-27 07:27:53'),
(398, 'رضوان شهر', 'rezvanshahr', 25, 'published', '2024-02-27 07:27:53', '2024-02-27 07:27:53'),
(399, 'رود سر', 'rudsar', 25, 'published', '2024-02-27 07:27:53', '2024-02-27 07:27:53'),
(400, 'رودبار', 'rudbar', 25, 'published', '2024-02-27 07:27:53', '2024-02-27 07:27:53'),
(401, 'زیباکنار', 'zibakenar', 25, 'published', '2024-02-27 07:27:53', '2024-02-27 07:27:53'),
(402, 'شفت', 'shaft', 25, 'published', '2024-02-27 07:27:53', '2024-02-27 07:27:53'),
(403, 'صومعه سرا', 'someh-sara', 25, 'published', '2024-02-27 07:27:53', '2024-02-27 07:27:53'),
(404, 'فومن', 'fuman', 25, 'published', '2024-02-27 07:27:53', '2024-02-27 07:27:53'),
(405, 'كلاچاي', 'kelachay', 25, 'published', '2024-02-27 07:27:53', '2024-02-27 07:27:53'),
(406, 'لاهيجان', 'lahijan', 25, 'published', '2024-02-27 07:27:53', '2024-02-27 07:27:53'),
(407, 'لنگرود', 'langarud', 25, 'published', '2024-02-27 07:27:53', '2024-02-27 07:27:53'),
(408, 'لوشان', 'loshan', 25, 'published', '2024-02-27 07:27:53', '2024-02-27 07:27:53'),
(409, 'ماسال', 'masal', 25, 'published', '2024-02-27 07:27:53', '2024-02-27 07:27:53'),
(410, 'ماسوله', 'masuleh', 25, 'published', '2024-02-27 07:27:53', '2024-02-27 07:27:53'),
(411, 'منجيل', 'manjil', 25, 'published', '2024-02-27 07:27:53', '2024-02-27 07:27:53'),
(412, 'کیاشهر', 'kiashahr', 25, 'published', '2024-02-27 07:27:53', '2024-02-27 07:27:53'),
(413, 'ازنا', 'azna', 26, 'published', '2024-02-27 07:27:53', '2024-02-27 07:27:53'),
(414, 'الشتر', 'aleshtar', 26, 'published', '2024-02-27 07:27:53', '2024-02-27 07:27:53'),
(415, 'اليگودرز', 'aligudarz', 26, 'published', '2024-02-27 07:27:53', '2024-02-27 07:27:53'),
(416, 'بروجرد', 'borujerd', 26, 'published', '2024-02-27 07:27:53', '2024-02-27 07:27:53'),
(417, 'پلدختر', 'pol-dokhtar', 26, 'published', '2024-02-27 07:27:53', '2024-02-27 07:27:53'),
(418, 'خرم آباد', 'khorramabad', 26, 'published', '2024-02-27 07:27:53', '2024-02-27 07:27:53'),
(419, 'دورود', 'dorud', 26, 'published', '2024-02-27 07:27:53', '2024-02-27 07:27:53'),
(420, 'سپید دشت', 'sepiddasht', 26, 'published', '2024-02-27 07:27:53', '2024-02-27 07:27:53'),
(421, 'كوهدشت', 'kuhdasht', 26, 'published', '2024-02-27 07:27:53', '2024-02-27 07:27:53'),
(422, 'نورآباد (خوزستان)', 'nurabad', 26, 'published', '2024-02-27 07:27:53', '2024-02-27 07:27:53'),
(423, 'آمل', 'amol', 27, 'published', '2024-02-27 07:27:53', '2024-02-27 07:27:53'),
(424, 'بابل', 'babol', 27, 'published', '2024-02-27 07:27:53', '2024-02-27 07:27:53'),
(425, 'بابلسر', 'babolsar', 27, 'published', '2024-02-27 07:27:53', '2024-02-27 07:27:53'),
(426, 'بلده', 'baladeh', 27, 'published', '2024-02-27 07:27:53', '2024-02-27 07:27:53'),
(427, 'بهشهر', 'behshahr', 27, 'published', '2024-02-27 07:27:53', '2024-02-27 07:27:53'),
(428, 'پل سفيد', 'polsefid', 27, 'published', '2024-02-27 07:27:53', '2024-02-27 07:27:53'),
(429, 'تنكابن', 'tonekabon', 27, 'published', '2024-02-27 07:27:53', '2024-02-27 07:27:53'),
(430, 'جويبار', 'juybar', 27, 'published', '2024-02-27 07:27:53', '2024-02-27 07:27:53'),
(431, 'چالوس', 'chalus', 27, 'published', '2024-02-27 07:27:53', '2024-02-27 07:27:53'),
(432, 'چمستان', 'chamestan', 27, 'published', '2024-02-27 07:27:53', '2024-02-27 07:27:53'),
(433, 'رامسر', 'ramsar', 27, 'published', '2024-02-27 07:27:53', '2024-02-27 07:27:53'),
(434, 'رستم کلا', 'rostamkola', 27, 'published', '2024-02-27 07:27:53', '2024-02-27 07:27:53'),
(435, 'ساري', 'sari', 27, 'published', '2024-02-27 07:27:53', '2024-02-27 07:27:53'),
(436, 'سلمانشهر', 'salman-shahr', 27, 'published', '2024-02-27 07:27:53', '2024-02-27 07:27:53'),
(437, 'کلاردشت', 'kelarestan', 27, 'published', '2024-02-27 07:27:53', '2024-02-27 07:27:53'),
(438, 'فريدون كنار', 'fereydunkenar', 27, 'published', '2024-02-27 07:27:53', '2024-02-27 07:27:53'),
(439, 'قائم شهر', 'qaemshahr', 27, 'published', '2024-02-27 07:27:53', '2024-02-27 07:27:53'),
(440, 'گلوگاه', 'galougah-babol', 27, 'published', '2024-02-27 07:27:53', '2024-02-27 07:27:53'),
(441, 'محمودآباد', 'mahmudabad', 27, 'published', '2024-02-27 07:27:53', '2024-02-27 07:27:53'),
(442, 'مرزن آباد', 'marzan-abad', 27, 'published', '2024-02-27 07:27:53', '2024-02-27 07:27:53'),
(443, 'نكا', 'neka', 27, 'published', '2024-02-27 07:27:53', '2024-02-27 07:27:53'),
(444, 'نور', 'nur', 27, 'published', '2024-02-27 07:27:53', '2024-02-27 07:27:53'),
(445, 'نوشهر', 'nowshahr', 27, 'published', '2024-02-27 07:27:53', '2024-02-27 07:27:53'),
(446, 'آشتيان', 'ashtiyan', 28, 'published', '2024-02-27 07:27:53', '2024-02-27 07:27:53'),
(447, 'اراك', 'arak', 28, 'published', '2024-02-27 07:27:53', '2024-02-27 07:27:53'),
(448, 'تفرش', 'tafresh', 28, 'published', '2024-02-27 07:27:53', '2024-02-27 07:27:53'),
(449, 'خمين', 'khomein', 28, 'published', '2024-02-27 07:27:53', '2024-02-27 07:27:53'),
(450, 'دليجان', 'delijan', 28, 'published', '2024-02-27 07:27:53', '2024-02-27 07:27:53'),
(451, 'ساوه', 'saveh', 28, 'published', '2024-02-27 07:27:53', '2024-02-27 07:27:53'),
(452, 'شازند', 'shazand', 28, 'published', '2024-02-27 07:27:53', '2024-02-27 07:27:53'),
(453, 'محلات', 'mahalat', 28, 'published', '2024-02-27 07:27:53', '2024-02-27 07:27:53'),
(454, 'مهاجران', 'mohajeran', 28, 'published', '2024-02-27 07:27:53', '2024-02-27 07:27:53'),
(455, 'آبوموسی', 'abomosa', 29, 'published', '2024-02-27 07:27:53', '2024-02-27 07:27:53'),
(456, 'تخت', 'takht', 29, 'published', '2024-02-27 07:27:53', '2024-02-27 07:27:53'),
(457, 'درگهان', 'dargahan', 29, 'published', '2024-02-27 07:27:53', '2024-02-27 07:27:53'),
(458, 'بندر جاسك', 'bandare-jask', 29, 'published', '2024-02-27 07:27:53', '2024-02-27 07:27:53'),
(459, 'بندر لنگه', 'bandare-lengeh', 29, 'published', '2024-02-27 07:27:53', '2024-02-27 07:27:53'),
(460, 'بندرعباس', 'bandar-abbas', 29, 'published', '2024-02-27 07:27:53', '2024-02-27 07:27:53'),
(461, 'پارسیان', 'parsian', 29, 'published', '2024-02-27 07:27:53', '2024-02-27 07:27:53'),
(462, 'حاجي آباد', 'hajiababd', 29, 'published', '2024-02-27 07:27:53', '2024-02-27 07:27:53'),
(463, 'دشتی', 'dashti', 29, 'published', '2024-02-27 07:27:53', '2024-02-27 07:27:53'),
(464, 'دهبارز (رودان)', 'rodan', 29, 'published', '2024-02-27 07:27:53', '2024-02-27 07:27:53'),
(465, 'قشم', 'qeshm', 29, 'published', '2024-02-27 07:27:53', '2024-02-27 07:27:53'),
(466, 'كيش', 'kish', 29, 'published', '2024-02-27 07:27:53', '2024-02-27 07:27:53'),
(467, 'ميناب', 'minab', 29, 'published', '2024-02-27 07:27:53', '2024-02-27 07:27:53'),
(468, 'اسدآباد', 'asadabad', 30, 'published', '2024-02-27 07:27:53', '2024-02-27 07:27:53'),
(469, 'بهار', 'bahar', 30, 'published', '2024-02-27 07:27:53', '2024-02-27 07:27:53'),
(470, 'تويسركان', 'tuyserkan', 30, 'published', '2024-02-27 07:27:53', '2024-02-27 07:27:53'),
(471, 'رزن', 'rezan', 30, 'published', '2024-02-27 07:27:53', '2024-02-27 07:27:53'),
(472, 'كبودر اهنگ', 'kabodar', 30, 'published', '2024-02-27 07:27:53', '2024-02-27 07:27:53'),
(473, 'ملاير', 'malayer', 30, 'published', '2024-02-27 07:27:53', '2024-02-27 07:27:53'),
(474, 'نهاوند', 'nahavand', 30, 'published', '2024-02-27 07:27:53', '2024-02-27 07:27:53'),
(475, 'همدان', 'hamedan', 30, 'published', '2024-02-27 07:27:53', '2024-02-27 07:27:53'),
(476, 'ابركوه', 'abarkooh', 31, 'published', '2024-02-27 07:27:53', '2024-02-27 07:27:53'),
(477, 'اردكان', 'ardakan', 31, 'published', '2024-02-27 07:27:53', '2024-02-27 07:27:53'),
(478, 'اشكذر', 'ashkzar', 31, 'published', '2024-02-27 07:27:53', '2024-02-27 07:27:53'),
(479, 'بافق', 'bafq', 31, 'published', '2024-02-27 07:27:53', '2024-02-27 07:27:53'),
(480, 'تفت', 'taft', 31, 'published', '2024-02-27 07:27:53', '2024-02-27 07:27:53'),
(481, 'مهريز', 'mehriz', 31, 'published', '2024-02-27 07:27:53', '2024-02-27 07:27:53'),
(482, 'ميبد', 'meybod', 31, 'published', '2024-02-27 07:27:53', '2024-02-27 07:27:53'),
(483, 'حمیدیا', 'hamidia', 31, 'published', '2024-02-27 07:27:53', '2024-02-27 07:27:53'),
(484, 'يزد', 'yazd', 31, 'published', '2024-02-27 07:27:53', '2024-02-27 07:27:53'),
(485, 'فردیس', 'fardis', 5, 'published', '2024-03-26 06:29:00', '2024-03-26 06:29:01'),
(486, 'کوهسار', 'koohsar', 5, 'published', '2024-03-26 06:29:31', '2024-03-26 06:29:32'),
(487, 'گرمده', 'garmdareh', 5, 'published', '2024-03-26 06:30:14', '2024-03-26 06:30:15'),
(488, 'ماهدشت', 'mahdasht', 5, 'published', '2024-03-26 06:30:48', '2024-03-26 06:30:48'),
(489, 'قدس', 'qods', 8, 'published', '2024-03-26 07:58:55', '2024-03-26 07:58:57');

-- --------------------------------------------------------

--
-- Table structure for table `ip_addresses`
--

CREATE TABLE `ip_addresses` (
  `id` bigint(20) UNSIGNED NOT NULL,
  `ip_address` varchar(255) NOT NULL,
  `createdAt` datetime NOT NULL,
  `updatedAt` datetime NOT NULL
) ENGINE=InnoDB DEFAULT CHARSET=utf8;

--
-- Dumping data for table `ip_addresses`
--

INSERT INTO `ip_addresses` (`id`, `ip_address`, `createdAt`, `updatedAt`) VALUES
(5, '192.168.1.34', '2024-12-31 12:16:47', '2024-12-31 12:16:47'),
(6, '126.116.34.255', '2024-12-18 23:38:42', '2024-12-18 23:38:42'),
(7, '14.195.162.142', '2024-12-14 18:15:47', '2024-12-14 18:15:47'),
(8, '155.31.153.32', '2024-12-16 08:05:15', '2024-12-16 08:05:15'),
(9, '87.152.160.212', '2024-12-04 03:13:29', '2024-12-04 03:13:29'),
(10, '216.43.33.88', '2024-12-06 21:27:42', '2024-12-06 21:27:42'),
(11, '45.113.116.92', '2024-12-14 16:01:49', '2024-12-14 16:01:49'),
(12, '86.65.223.251', '2024-12-29 11:51:28', '2024-12-29 11:51:28'),
(13, '146.213.75.196', '2024-12-18 16:36:36', '2024-12-18 16:36:36'),
(14, '113.14.120.235', '2024-12-27 20:59:51', '2024-12-27 20:59:51'),
(15, '206.128.212.98', '2024-12-05 15:33:53', '2024-12-05 15:33:53'),
(16, '96.90.110.72', '2024-12-12 05:04:49', '2024-12-12 05:04:49'),
(17, '137.183.20.76', '2024-12-28 12:32:59', '2024-12-28 12:32:59'),
(18, '231.136.203.196', '2024-12-17 07:25:02', '2024-12-17 07:25:02'),
(19, '157.40.234.37', '2024-12-11 00:53:51', '2024-12-11 00:53:51'),
(20, '228.242.42.190', '2024-12-21 21:22:56', '2024-12-21 21:22:56'),
(21, '18.121.72.130', '2024-12-11 00:28:22', '2024-12-11 00:28:22'),
(22, '69.42.106.253', '2024-12-20 05:41:50', '2024-12-20 05:41:50'),
(23, '22.250.232.180', '2024-12-10 07:43:52', '2024-12-10 07:43:52'),
(24, '157.51.9.19', '2024-12-25 14:36:07', '2024-12-25 14:36:07'),
(25, '212.103.139.16', '2024-12-21 02:12:35', '2024-12-21 02:12:35'),
(26, '108.253.189.45', '2024-12-16 04:44:41', '2024-12-16 04:44:41'),
(27, '180.73.44.123', '2024-12-04 20:52:15', '2024-12-04 20:52:15'),
(28, '35.108.107.189', '2024-12-28 13:08:18', '2024-12-28 13:08:18'),
(29, '166.105.217.119', '2024-12-27 16:32:10', '2024-12-27 16:32:10'),
(30, '67.134.67.96', '2024-12-20 03:21:40', '2024-12-20 03:21:40'),
(31, '180.145.136.202', '2024-12-22 05:57:47', '2024-12-22 05:57:47'),
(32, '250.240.80.251', '2024-12-17 06:57:18', '2024-12-17 06:57:18'),
(33, '131.29.200.229', '2024-12-06 12:04:11', '2024-12-06 12:04:11'),
(34, '191.171.79.175', '2024-12-18 21:44:18', '2024-12-18 21:44:18'),
(35, '201.118.245.221', '2024-12-15 17:28:44', '2024-12-15 17:28:44'),
(36, '187.91.34.0', '2024-12-14 18:56:08', '2024-12-14 18:56:08'),
(37, '184.120.112.109', '2024-12-08 07:35:41', '2024-12-08 07:35:41'),
(38, '240.16.201.160', '2024-12-06 08:48:39', '2024-12-06 08:48:39'),
(39, '75.186.217.62', '2024-12-19 23:36:35', '2024-12-19 23:36:35'),
(40, '85.209.13.182', '2024-12-31 10:27:51', '2024-12-31 10:27:51'),
(41, '62.87.223.226', '2024-12-19 21:33:53', '2024-12-19 21:33:53'),
(42, '24.27.248.72', '2024-12-23 02:06:33', '2024-12-23 02:06:33'),
(43, '198.214.193.203', '2024-12-18 01:38:48', '2024-12-18 01:38:48'),
(44, '122.54.74.71', '2024-12-24 16:18:22', '2024-12-24 16:18:22'),
(45, '21.62.121.138', '2024-12-11 14:13:14', '2024-12-11 14:13:14'),
(46, '45.182.203.36', '2024-12-31 15:33:21', '2024-12-31 15:33:21'),
(47, '195.164.182.105', '2024-12-18 02:23:01', '2024-12-18 02:23:01'),
(48, '155.190.23.189', '2024-12-11 19:42:38', '2024-12-11 19:42:38'),
(49, '212.24.47.108', '2024-12-01 04:02:49', '2024-12-01 04:02:49'),
(50, '89.29.111.248', '2024-12-15 14:59:28', '2024-12-15 14:59:28'),
(51, '135.81.20.201', '2024-12-20 23:10:37', '2024-12-20 23:10:37'),
(52, '166.173.213.23', '2024-12-06 15:33:26', '2024-12-06 15:33:26'),
(53, '46.95.157.11', '2024-12-31 15:05:31', '2024-12-31 15:05:31'),
(54, '110.40.147.199', '2024-12-07 18:07:30', '2024-12-07 18:07:30'),
(55, '103.179.8.202', '2024-12-27 21:35:01', '2024-12-27 21:35:01'),
(56, '87.75.78.109', '2024-12-21 03:14:29', '2024-12-21 03:14:29'),
(57, '101.169.99.152', '2024-12-03 01:17:38', '2024-12-03 01:17:38'),
(58, '159.65.125.119', '2024-12-03 02:49:44', '2024-12-03 02:49:44'),
(59, '14.182.251.140', '2024-12-19 05:25:31', '2024-12-19 05:25:31'),
(60, '249.136.65.106', '2024-12-14 04:29:10', '2024-12-14 04:29:10'),
(61, '59.96.89.255', '2024-12-12 21:18:44', '2024-12-12 21:18:44'),
(62, '14.5.166.109', '2024-12-24 18:35:30', '2024-12-24 18:35:30'),
(63, '111.49.238.217', '2024-12-02 04:34:34', '2024-12-02 04:34:34'),
(64, '254.64.146.197', '2024-12-17 19:33:30', '2024-12-17 19:33:30'),
(65, '202.56.39.238', '2024-12-18 11:26:13', '2024-12-18 11:26:13'),
(66, '61.72.23.109', '2024-12-18 07:17:26', '2024-12-18 07:17:26'),
(67, '151.20.149.208', '2024-12-29 18:54:16', '2024-12-29 18:54:16'),
(68, '254.112.70.86', '2024-12-16 07:19:41', '2024-12-16 07:19:41'),
(69, '67.148.231.204', '2024-12-25 14:50:17', '2024-12-25 14:50:17'),
(70, '207.84.157.161', '2024-12-30 03:46:26', '2024-12-30 03:46:26'),
(71, '56.207.85.60', '2024-12-23 10:41:52', '2024-12-23 10:41:52'),
(72, '16.124.221.82', '2024-12-18 08:54:14', '2024-12-18 08:54:14'),
(73, '196.72.198.17', '2024-12-11 11:09:17', '2024-12-11 11:09:17'),
(74, '125.56.33.238', '2024-12-04 05:16:54', '2024-12-04 05:16:54'),
(75, '194.251.108.20', '2024-12-19 23:41:23', '2024-12-19 23:41:23'),
(76, '216.168.55.192', '2024-12-15 03:23:24', '2024-12-15 03:23:24'),
(77, '99.230.39.207', '2024-12-29 10:57:39', '2024-12-29 10:57:39'),
(78, '27.252.79.47', '2024-12-14 23:44:07', '2024-12-14 23:44:07'),
(79, '1.75.253.158', '2024-12-24 01:30:56', '2024-12-24 01:30:56'),
(80, '41.84.222.90', '2024-12-20 00:14:36', '2024-12-20 00:14:36'),
(81, '255.20.56.182', '2024-12-01 06:49:47', '2024-12-01 06:49:47'),
(82, '87.129.118.100', '2024-12-26 14:35:11', '2024-12-26 14:35:11'),
(83, '188.187.209.110', '2024-12-29 12:56:44', '2024-12-29 12:56:44'),
(84, '151.25.251.222', '2024-12-23 18:51:00', '2024-12-23 18:51:00'),
(85, '105.33.193.224', '2024-12-25 17:18:47', '2024-12-25 17:18:47'),
(86, '126.252.89.133', '2024-12-26 13:06:40', '2024-12-26 13:06:40'),
(87, '130.232.168.252', '2024-12-31 12:36:59', '2024-12-31 12:36:59'),
(88, '24.190.199.27', '2024-12-21 11:25:42', '2024-12-21 11:25:42'),
(89, '16.205.174.62', '2024-12-24 07:33:09', '2024-12-24 07:33:09'),
(90, '167.174.148.55', '2024-12-27 03:19:27', '2024-12-27 03:19:27'),
(91, '254.100.157.180', '2024-12-12 16:26:07', '2024-12-12 16:26:07'),
(92, '111.125.55.0', '2024-12-24 12:45:15', '2024-12-24 12:45:15'),
(93, '165.203.164.122', '2024-12-05 18:57:19', '2024-12-05 18:57:19'),
(94, '232.18.138.169', '2024-12-07 16:41:48', '2024-12-07 16:41:48'),
(95, '242.108.86.158', '2024-12-10 23:36:20', '2024-12-10 23:36:20'),
(96, '3.165.139.92', '2024-12-23 22:45:26', '2024-12-23 22:45:26'),
(97, '93.97.97.164', '2024-12-02 10:06:42', '2024-12-02 10:06:42'),
(98, '141.31.234.121', '2024-12-01 07:04:08', '2024-12-01 07:04:08'),
(99, '208.156.206.119', '2024-12-06 18:23:53', '2024-12-06 18:23:53'),
(100, '160.54.38.171', '2024-12-17 18:04:53', '2024-12-17 18:04:53'),
(101, '82.136.175.112', '2024-12-01 12:53:21', '2024-12-01 12:53:21'),
(102, '216.173.39.2', '2024-12-09 17:45:43', '2024-12-09 17:45:43'),
(103, '254.156.205.118', '2024-12-09 12:22:17', '2024-12-09 12:22:17'),
(104, '110.96.176.47', '2024-12-29 17:53:49', '2024-12-29 17:53:49'),
(105, '248.108.45.91', '2024-12-16 16:17:50', '2024-12-16 16:17:50');

-- --------------------------------------------------------

--
-- Table structure for table `orders`
--

CREATE TABLE `orders` (
  `id` bigint(20) UNSIGNED NOT NULL,
  `user_id` bigint(20) UNSIGNED NOT NULL,
  `product_id` bigint(20) UNSIGNED NOT NULL,
  `total_price_id` bigint(20) UNSIGNED DEFAULT NULL,
  `amount` varchar(255) NOT NULL,
  `price` varchar(255) NOT NULL,
  `statuse` enum('ثبت','پرداخت','پرداخت ناموفق','درحال پردازش','لغو','ارسال شد') NOT NULL DEFAULT 'ثبت',
  `createdAt` datetime NOT NULL,
  `updatedAt` datetime NOT NULL
) ENGINE=InnoDB DEFAULT CHARSET=utf8;

--
-- Dumping data for table `orders`
--

INSERT INTO `orders` (`id`, `user_id`, `product_id`, `total_price_id`, `amount`, `price`, `statuse`, `createdAt`, `updatedAt`) VALUES
(4, 5, 33, 6, '1', '2500000', 'ثبت', '2024-12-30 15:13:09', '2024-12-30 15:13:09');

-- --------------------------------------------------------

--
-- Table structure for table `products`
--

CREATE TABLE `products` (
  `id` bigint(20) UNSIGNED NOT NULL,
  `name` varchar(255) NOT NULL,
  `slug` varchar(255) NOT NULL,
  `price` varchar(255) NOT NULL,
  `price_with_off` varchar(255) DEFAULT NULL,
  `category_id` bigint(20) UNSIGNED NOT NULL,
  `machine` varchar(255) NOT NULL,
  `brand` varchar(255) NOT NULL,
  `material` varchar(255) NOT NULL,
  `suggestion` enum('active','inactive') NOT NULL DEFAULT 'inactive',
  `is_best` enum('active','inactive') NOT NULL DEFAULT 'inactive',
  `statuse` enum('active','inactive') NOT NULL DEFAULT 'active',
  `createdAt` datetime NOT NULL,
  `updatedAt` datetime NOT NULL,
  `buy_count` varchar(255) NOT NULL DEFAULT '0'
) ENGINE=InnoDB DEFAULT CHARSET=utf8;

--
-- Dumping data for table `products`
--

INSERT INTO `products` (`id`, `name`, `slug`, `price`, `price_with_off`, `category_id`, `machine`, `brand`, `material`, `suggestion`, `is_best`, `statuse`, `createdAt`, `updatedAt`, `buy_count`) VALUES
(33, 'دیسک پراید 110', 'دیسک-پراید', '2500000', NULL, 20, 'پژو پارس', 'ایران‌خودرو', 'الیاف کربن', 'inactive', 'inactive', 'active', '2024-12-24 16:54:20', '2024-12-29 13:25:13', '0');

-- --------------------------------------------------------

--
-- Table structure for table `product_images`
--

CREATE TABLE `product_images` (
  `id` bigint(20) UNSIGNED NOT NULL,
  `product_id` bigint(20) UNSIGNED NOT NULL,
  `image_url` varchar(255) NOT NULL,
  `statuse` enum('active','inactive') NOT NULL DEFAULT 'active',
  `createdAt` datetime NOT NULL,
  `updatedAt` datetime NOT NULL
) ENGINE=InnoDB DEFAULT CHARSET=utf8;

--
-- Dumping data for table `product_images`
--

INSERT INTO `product_images` (`id`, `product_id`, `image_url`, `statuse`, `createdAt`, `updatedAt`) VALUES
(41, 33, '/products/_products_1735051114270_0.png', 'active', '2024-12-24 18:08:34', '2024-12-24 18:08:34');

-- --------------------------------------------------------

--
-- Table structure for table `provinces`
--

CREATE TABLE `provinces` (
  `id` bigint(20) UNSIGNED NOT NULL,
  `name` varchar(255) NOT NULL,
  `statuse` enum('published','inactive') NOT NULL DEFAULT 'published',
  `createdAt` datetime NOT NULL,
  `updatedAt` datetime NOT NULL
) ENGINE=InnoDB DEFAULT CHARSET=utf8;

--
-- Dumping data for table `provinces`
--

INSERT INTO `provinces` (`id`, `name`, `statuse`, `createdAt`, `updatedAt`) VALUES
(1, 'آذربايجان شرقي', 'published', '2024-02-27 07:29:25', '2024-02-27 07:29:25'),
(2, 'آذربايجان غربي', 'published', '2024-02-27 07:29:25', '2024-02-27 07:29:25'),
(3, 'اردبيل', 'published', '2024-02-27 07:29:25', '2024-02-27 07:29:25'),
(4, 'اصفهان', 'published', '2024-02-27 07:29:25', '2024-02-27 07:29:25'),
(5, 'البرز', 'published', '2024-02-27 07:29:25', '2024-02-27 07:29:25'),
(6, 'ايلام', 'published', '2024-02-27 07:29:25', '2024-02-27 07:29:25'),
(7, 'بوشهر', 'published', '2024-02-27 07:29:25', '2024-02-27 07:29:25'),
(8, 'تهران', 'published', '2024-02-27 07:29:25', '2024-02-27 07:29:25'),
(9, 'چهارمحال بختياري', 'published', '2024-02-27 07:29:25', '2024-02-27 07:29:25'),
(10, 'خراسان جنوبي', 'published', '2024-02-27 07:29:25', '2024-02-27 07:29:25'),
(11, 'خراسان رضوي', 'published', '2024-02-27 07:29:25', '2024-02-27 07:29:25'),
(12, 'خراسان شمالي', 'published', '2024-02-27 07:29:25', '2024-02-27 07:29:25'),
(13, 'خوزستان', 'published', '2024-02-27 07:29:25', '2024-02-27 07:29:25'),
(14, 'زنجان', 'published', '2024-02-27 07:29:25', '2024-02-27 07:29:25'),
(15, 'سمنان', 'published', '2024-02-27 07:29:25', '2024-02-27 07:29:25'),
(16, 'سيستان و بلوچستان', 'published', '2024-02-27 07:29:25', '2024-02-27 07:29:25'),
(17, 'فارس', 'published', '2024-02-27 07:29:25', '2024-02-27 07:29:25'),
(18, 'قزوين', 'published', '2024-02-27 07:29:25', '2024-02-27 07:29:25'),
(19, 'قم', 'published', '2024-02-27 07:29:25', '2024-02-27 07:29:25'),
(20, 'كردستان', 'published', '2024-02-27 07:29:25', '2024-02-27 07:29:25'),
(21, 'كرمان', 'published', '2024-02-27 07:29:25', '2024-02-27 07:29:25'),
(22, 'كرمانشاه', 'published', '2024-02-27 07:29:25', '2024-02-27 07:29:25'),
(23, 'كهكيلويه و بويراحمد', 'published', '2024-02-27 07:29:25', '2024-02-27 07:29:25'),
(24, 'گلستان', 'published', '2024-02-27 07:29:25', '2024-02-27 07:29:25'),
(25, 'گيلان', 'published', '2024-02-27 07:29:25', '2024-02-27 07:29:25'),
(26, 'لرستان', 'published', '2024-02-27 07:29:25', '2024-02-27 07:29:25'),
(27, 'مازندران', 'published', '2024-02-27 07:29:25', '2024-02-27 07:29:25'),
(28, 'مركزي', 'published', '2024-02-27 07:29:25', '2024-02-27 07:29:25'),
(29, 'هرمزگان', 'published', '2024-02-27 07:29:25', '2024-02-27 07:29:25'),
(30, 'همدان', 'published', '2024-02-27 07:29:25', '2024-02-27 07:29:25'),
(31, 'يزد', 'published', '2024-02-27 07:29:25', '2024-02-27 07:29:25');

-- --------------------------------------------------------

--
-- Table structure for table `refreshtokens`
--

CREATE TABLE `refreshtokens` (
  `id` int(11) NOT NULL,
  `token` varchar(255) NOT NULL,
  `user_id` int(11) NOT NULL,
  `expiresAt` datetime NOT NULL,
  `createdAt` datetime NOT NULL,
  `updatedAt` datetime NOT NULL
) ENGINE=InnoDB DEFAULT CHARSET=utf8;

--
-- Dumping data for table `refreshtokens`
--

INSERT INTO `refreshtokens` (`id`, `token`, `user_id`, `expiresAt`, `createdAt`, `updatedAt`) VALUES
(5, 'eyJhbGciOiJIUzI1NiIsInR5cCI6IkpXVCJ9.eyJ1c2VySWQiOiIwOTM1MTE4NzcyMCIsImlhdCI6MTczNDc3MzIzMSwiZXhwIjoxNzM1Mzc4MDMxfQ.j4du72720TcWbe7E0nVs9Jk-CzoGqY4fWRWtpNPi7QA', 5, '2024-12-28 12:57:11', '2024-12-18 22:28:09', '2024-12-21 12:57:11');

-- --------------------------------------------------------

--
-- Table structure for table `refresh_tokens`
--

CREATE TABLE `refresh_tokens` (
  `id` int(11) NOT NULL,
  `token` varchar(255) NOT NULL,
  `user_id` int(11) NOT NULL,
  `expiresAt` datetime NOT NULL,
  `createdAt` datetime NOT NULL,
  `updatedAt` datetime NOT NULL
) ENGINE=InnoDB DEFAULT CHARSET=utf8;

--
-- Dumping data for table `refresh_tokens`
--

INSERT INTO `refresh_tokens` (`id`, `token`, `user_id`, `expiresAt`, `createdAt`, `updatedAt`) VALUES
(1, 'eyJhbGciOiJIUzI1NiIsInR5cCI6IkpXVCJ9.eyJ1c2VySWQiOiIwOTM1MTE4NzcyMCIsImlhdCI6MTczNDg2MjYyNCwiZXhwIjoxNzM1NDY3NDI0fQ.wqZI3D9GI-RmQgFPtGarAvJo-69lDUZi2R4AIIttGlA', 5, '2024-12-29 13:47:04', '2024-12-22 11:03:25', '2024-12-22 13:47:04');

-- --------------------------------------------------------

--
-- Table structure for table `total_prices`
--

CREATE TABLE `total_prices` (
  `id` bigint(20) UNSIGNED NOT NULL,
  `address_id` bigint(20) UNSIGNED DEFAULT NULL,
  `total_price` varchar(255) NOT NULL,
  `createdAt` datetime NOT NULL,
  `updatedAt` datetime NOT NULL
) ENGINE=InnoDB DEFAULT CHARSET=utf8;

--
-- Dumping data for table `total_prices`
--

INSERT INTO `total_prices` (`id`, `address_id`, `total_price`, `createdAt`, `updatedAt`) VALUES
(6, 2, '2500000', '2024-12-30 15:13:09', '2024-12-30 15:13:09'),
(7, 2, '100000', '2025-01-01 18:42:00', '2025-01-01 18:42:00');

-- --------------------------------------------------------

--
-- Table structure for table `users`
--

CREATE TABLE `users` (
  `id` bigint(20) UNSIGNED NOT NULL,
  `first_name` varchar(255) NOT NULL,
  `last_name` varchar(255) NOT NULL,
  `password` varchar(255) NOT NULL,
  `email` varchar(255) NOT NULL,
  `phone` varchar(255) NOT NULL,
  `role` enum('admin','user') DEFAULT 'user',
  `statuse` enum('active','inactive') NOT NULL DEFAULT 'active',
  `createdAt` datetime NOT NULL,
  `updatedAt` datetime NOT NULL
) ENGINE=InnoDB DEFAULT CHARSET=utf8;

--
-- Dumping data for table `users`
--

INSERT INTO `users` (`id`, `first_name`, `last_name`, `password`, `email`, `phone`, `role`, `statuse`, `createdAt`, `updatedAt`) VALUES
(5, 'میلاد', 'فاضلیان', '$2a$10$Lt58VY5ZM9IPtF6COCRR5eGnd8LzCezak/wWoVUfQ7X06MM4gLJv.', 'fazelianmilad3@gmail.com', '09351187720', 'admin', 'active', '2024-12-18 20:34:05', '2024-12-18 20:34:05'),
(7, 'حیدر', 'شجاع', '$2a$10$W7OHt9aQb2M.D3xk/JHJVuN7e02.sHxe5kc3M2JNGnrLXEClKh3W.', 'fazelianmilad3@gmail.com', '09376228320', 'user', 'active', '2024-12-24 12:24:12', '2024-12-24 12:24:12');

--
-- Indexes for dumped tables
--

--
-- Indexes for table `addresses`
--
ALTER TABLE `addresses`
  ADD PRIMARY KEY (`id`),
  ADD KEY `user_id` (`user_id`),
  ADD KEY `province_id` (`province_id`),
  ADD KEY `city_id` (`city_id`);

--
-- Indexes for table `categories`
--
ALTER TABLE `categories`
  ADD PRIMARY KEY (`id`);

--
-- Indexes for table `category`
--
ALTER TABLE `category`
  ADD PRIMARY KEY (`id`);

--
-- Indexes for table `cities`
--
ALTER TABLE `cities`
  ADD PRIMARY KEY (`id`),
  ADD KEY `province_id` (`province_id`);

--
-- Indexes for table `ip_addresses`
--
ALTER TABLE `ip_addresses`
  ADD PRIMARY KEY (`id`);

--
-- Indexes for table `orders`
--
ALTER TABLE `orders`
  ADD PRIMARY KEY (`id`),
  ADD KEY `user_id` (`user_id`),
  ADD KEY `product_id` (`product_id`),
  ADD KEY `total_price_id` (`total_price_id`);

--
-- Indexes for table `products`
--
ALTER TABLE `products`
  ADD PRIMARY KEY (`id`),
  ADD KEY `category_id` (`category_id`);

--
-- Indexes for table `product_images`
--
ALTER TABLE `product_images`
  ADD PRIMARY KEY (`id`),
  ADD KEY `product_id` (`product_id`);

--
-- Indexes for table `provinces`
--
ALTER TABLE `provinces`
  ADD PRIMARY KEY (`id`);

--
-- Indexes for table `refreshtokens`
--
ALTER TABLE `refreshtokens`
  ADD PRIMARY KEY (`id`);

--
-- Indexes for table `refresh_tokens`
--
ALTER TABLE `refresh_tokens`
  ADD PRIMARY KEY (`id`);

--
-- Indexes for table `total_prices`
--
ALTER TABLE `total_prices`
  ADD PRIMARY KEY (`id`),
  ADD KEY `address_id` (`address_id`);

--
-- Indexes for table `users`
--
ALTER TABLE `users`
  ADD PRIMARY KEY (`id`);

--
-- AUTO_INCREMENT for dumped tables
--

--
-- AUTO_INCREMENT for table `addresses`
--
ALTER TABLE `addresses`
  MODIFY `id` bigint(20) UNSIGNED NOT NULL AUTO_INCREMENT, AUTO_INCREMENT=3;

--
-- AUTO_INCREMENT for table `categories`
--
ALTER TABLE `categories`
  MODIFY `id` bigint(20) UNSIGNED NOT NULL AUTO_INCREMENT, AUTO_INCREMENT=23;

--
-- AUTO_INCREMENT for table `category`
--
ALTER TABLE `category`
  MODIFY `id` bigint(20) UNSIGNED NOT NULL AUTO_INCREMENT;

--
-- AUTO_INCREMENT for table `cities`
--
ALTER TABLE `cities`
  MODIFY `id` bigint(20) UNSIGNED NOT NULL AUTO_INCREMENT, AUTO_INCREMENT=490;

--
-- AUTO_INCREMENT for table `ip_addresses`
--
ALTER TABLE `ip_addresses`
  MODIFY `id` bigint(20) UNSIGNED NOT NULL AUTO_INCREMENT, AUTO_INCREMENT=106;

--
-- AUTO_INCREMENT for table `orders`
--
ALTER TABLE `orders`
  MODIFY `id` bigint(20) UNSIGNED NOT NULL AUTO_INCREMENT, AUTO_INCREMENT=5;

--
-- AUTO_INCREMENT for table `products`
--
ALTER TABLE `products`
  MODIFY `id` bigint(20) UNSIGNED NOT NULL AUTO_INCREMENT, AUTO_INCREMENT=34;

--
-- AUTO_INCREMENT for table `product_images`
--
ALTER TABLE `product_images`
  MODIFY `id` bigint(20) UNSIGNED NOT NULL AUTO_INCREMENT, AUTO_INCREMENT=42;

--
-- AUTO_INCREMENT for table `provinces`
--
ALTER TABLE `provinces`
  MODIFY `id` bigint(20) UNSIGNED NOT NULL AUTO_INCREMENT, AUTO_INCREMENT=32;

--
-- AUTO_INCREMENT for table `refreshtokens`
--
ALTER TABLE `refreshtokens`
  MODIFY `id` int(11) NOT NULL AUTO_INCREMENT, AUTO_INCREMENT=6;

--
-- AUTO_INCREMENT for table `refresh_tokens`
--
ALTER TABLE `refresh_tokens`
  MODIFY `id` int(11) NOT NULL AUTO_INCREMENT, AUTO_INCREMENT=2;

--
-- AUTO_INCREMENT for table `total_prices`
--
ALTER TABLE `total_prices`
  MODIFY `id` bigint(20) UNSIGNED NOT NULL AUTO_INCREMENT, AUTO_INCREMENT=8;

--
-- AUTO_INCREMENT for table `users`
--
ALTER TABLE `users`
  MODIFY `id` bigint(20) UNSIGNED NOT NULL AUTO_INCREMENT, AUTO_INCREMENT=8;

--
-- Constraints for dumped tables
--

--
-- Constraints for table `addresses`
--
ALTER TABLE `addresses`
  ADD CONSTRAINT `addresses_ibfk_280` FOREIGN KEY (`user_id`) REFERENCES `users` (`id`),
  ADD CONSTRAINT `addresses_ibfk_281` FOREIGN KEY (`province_id`) REFERENCES `provinces` (`id`),
  ADD CONSTRAINT `addresses_ibfk_282` FOREIGN KEY (`city_id`) REFERENCES `cities` (`id`);

--
-- Constraints for table `cities`
--
ALTER TABLE `cities`
  ADD CONSTRAINT `cities_ibfk_1` FOREIGN KEY (`province_id`) REFERENCES `provinces` (`id`) ON DELETE CASCADE ON UPDATE CASCADE;

--
-- Constraints for table `orders`
--
ALTER TABLE `orders`
  ADD CONSTRAINT `orders_ibfk_280` FOREIGN KEY (`user_id`) REFERENCES `users` (`id`),
  ADD CONSTRAINT `orders_ibfk_281` FOREIGN KEY (`product_id`) REFERENCES `products` (`id`),
  ADD CONSTRAINT `orders_ibfk_282` FOREIGN KEY (`total_price_id`) REFERENCES `total_prices` (`id`) ON DELETE SET NULL ON UPDATE CASCADE;

--
-- Constraints for table `products`
--
ALTER TABLE `products`
  ADD CONSTRAINT `products_ibfk_1` FOREIGN KEY (`category_id`) REFERENCES `categories` (`id`) ON DELETE CASCADE ON UPDATE CASCADE;

--
-- Constraints for table `product_images`
--
ALTER TABLE `product_images`
  ADD CONSTRAINT `product_images_ibfk_1` FOREIGN KEY (`product_id`) REFERENCES `products` (`id`) ON DELETE CASCADE ON UPDATE CASCADE;

--
-- Constraints for table `total_prices`
--
ALTER TABLE `total_prices`
  ADD CONSTRAINT `total_prices_ibfk_1` FOREIGN KEY (`address_id`) REFERENCES `addresses` (`id`);
COMMIT;

/*!40101 SET CHARACTER_SET_CLIENT=@OLD_CHARACTER_SET_CLIENT */;
/*!40101 SET CHARACTER_SET_RESULTS=@OLD_CHARACTER_SET_RESULTS */;
/*!40101 SET COLLATION_CONNECTION=@OLD_COLLATION_CONNECTION */;
